dataset,model,neighbours,weights,tasks_description,accuracy,precision,recall,f1,roc_auc,roc_auc_ovr
3,knn,3,uniform,balanced_binary_tasks,0.7803644200626959,0.7859769186773851,0.7747334021327829,0.771814237137468,0.8402512154623203,0.8402512154623203
15,knn,3,uniform,balanced_binary_tasks,0.9585300207039337,0.9464950419950421,0.9336666666666668,0.938696817857578,0.9809749194847021,0.9809749194847021
29,knn,3,uniform,balanced_binary_tasks,0.8246376811594202,0.8358781768564377,0.8461538461538461,0.8326293917239788,0.8668142440468417,0.8668142440468417
31,knn,3,uniform,balanced_binary_tasks,0.7529999999999999,0.6264323084746426,0.4366666666666667,0.512593034698156,0.7277380952380953,0.7277380952380953
37,knn,3,uniform,balanced_binary_tasks,0.7408407382091593,0.6488364465785755,0.5783475783475783,0.6084244593636691,0.7635014245014246,0.7635014245014246
43,knn,3,uniform,balanced_binary_tasks,0.8902452136187872,0.8729071670335189,0.8472345334223788,0.8588660217947753,0.9320220696774204,0.9320220696774204
49,knn,3,uniform,balanced_binary_tasks,0.8350438596491229,0.833776155642482,0.9428315412186379,0.8812544504352532,0.8233657050307903,0.8233657050307903
219,knn,3,uniform,balanced_binary_tasks,0.6942713752061653,0.7478718224935937,0.740593708891352,0.7318548250991354,0.7300874823612742,0.7300874823612742
9910,knn,3,uniform,balanced_binary_tasks,0.75607304964539,0.7647251177163084,0.7944871051869024,0.7791580423124804,0.8087092718693392,0.8087092718693392
9946,knn,3,uniform,balanced_binary_tasks,0.9647869674185465,0.9806271112564019,0.9242424242424244,0.950532530513275,0.9847059025630454,0.9847059025630454
9957,knn,3,uniform,balanced_binary_tasks,0.8273495058400719,0.7268605993597526,0.7998412698412698,0.7583580398021558,0.8775027851720397,0.8775027851720397
9976,knn,3,uniform,balanced_binary_tasks,0.5484615384615384,0.5416871274159994,0.6284615384615384,0.5814474649119947,0.5604585798816568,0.5604585798816568
10093,knn,3,uniform,balanced_binary_tasks,0.9985401459854014,0.9967741935483871,1.0,0.9983739837398374,0.9986842105263157,0.9986842105263157
14952,knn,3,uniform,balanced_binary_tasks,0.9474361974585357,0.9451255292232622,0.9616637630662022,0.9532861140200067,0.9785653275667301,0.9785653275667301
3021,knn,3,uniform,disbalanced_binary_tasks,0.9639481846378398,0.845739750445633,0.5106884057971014,0.6229799871194137,0.8713207778769563,0.8713207778769563
3902,knn,3,uniform,disbalanced_binary_tasks,0.8902739726027397,0.5725262237762239,0.426797385620915,0.4851085225541406,0.825140420751634,0.825140420751634
3903,knn,3,uniform,disbalanced_binary_tasks,0.8790952147640047,0.37029304029304033,0.21875,0.2724207346876013,0.7169433890577508,0.7169433890577508
3904,knn,3,uniform,disbalanced_binary_tasks,0.7405641474909523,0.310774590143126,0.277309862333559,0.2923449374060015,0.5922309572090296,0.5922309572090296
3913,knn,3,uniform,disbalanced_binary_tasks,0.802467343976778,0.5700505050505049,0.4763636363636364,0.4881663866039288,0.7370158906134516,0.7370158906134516
3917,knn,3,uniform,disbalanced_binary_tasks,0.7643601895734596,0.26363347474968857,0.2761363636363637,0.2632829350742642,0.6058015758774108,0.6058015758774108
3918,knn,3,uniform,disbalanced_binary_tasks,0.9098607698607699,0.3987301587301587,0.22142857142857145,0.2679081702611114,0.6944554838365519,0.6944554838365519
7592,knn,3,uniform,disbalanced_binary_tasks,0.8233488666856118,0.8739167433363892,0.8972684270992847,0.8854232903509555,0.8253159977480328,0.8253159977480328
9952,knn,3,uniform,disbalanced_binary_tasks,0.8932268775244747,0.8454533654172419,0.779890136135658,0.810625214213309,0.9197170832542687,0.9197170832542687
9971,knn,3,uniform,disbalanced_binary_tasks,0.6501168907071888,0.3976608187134503,0.3860294117647059,0.3830364874800213,0.6248074229691876,0.6248074229691876
9977,knn,3,uniform,disbalanced_binary_tasks,0.9290854664978218,0.9534948410160556,0.9477289885430281,0.950269716946995,0.9532724796798518,0.9532724796798518
9978,knn,3,uniform,disbalanced_binary_tasks,0.9068423018268961,0.3186041683683193,0.1625,0.1915566573438427,0.700644379587278,0.700644379587278
10101,knn,3,uniform,disbalanced_binary_tasks,0.68190990990991,0.24521051864801863,0.3068627450980392,0.2514032597352817,0.5373896342162596,0.5373896342162596
6,knn,3,uniform,multiclass_tasks,0.9498000000000001,,,,,0.9922357891286021
11,knn,3,uniform,multiclass_tasks,0.7389144905273938,,,,,0.7471690068261809
12,knn,3,uniform,multiclass_tasks,0.967,,,,,0.9906555555555554
14,knn,3,uniform,multiclass_tasks,0.7959999999999999,,,,,0.9427069444444445
16,knn,3,uniform,multiclass_tasks,0.9594999999999999,,,,,0.9899083333333334
18,knn,3,uniform,multiclass_tasks,0.696,,,,,0.9127972222222223
22,knn,3,uniform,multiclass_tasks,0.794,,,,,0.9510527777777777
23,knn,3,uniform,multiclass_tasks,0.4555157198014341,,,,,0.6156340861420433
28,knn,3,uniform,multiclass_tasks,0.9727758007117437,,,,,0.9942857625131938
32,knn,3,uniform,multiclass_tasks,0.9933589213334436,,,,,0.9982389298586737
45,knn,3,uniform,multiclass_tasks,0.744514106583072,,,,,0.8712022982755118
53,knn,3,uniform,multiclass_tasks,0.7116106442577032,,,,,0.8830425113188982
2074,knn,3,uniform,multiclass_tasks,0.905909797822706,,,,,0.9740139152998226
2079,knn,3,uniform,multiclass_tasks,0.3701777119585339,,,,,0.6731723655066529
3022,knn,3,uniform,multiclass_tasks,0.6444444444444445,,,,,0.8713299663299663
3481,knn,3,uniform,multiclass_tasks,0.8950850860735328,,,,,0.9836012808983549
3549,knn,3,uniform,multiclass_tasks,0.994075630252101,,,,,0.9981727880063239
3560,knn,3,uniform,multiclass_tasks,0.19963607594936708,,,,,0.5315494652312834
3573,knn,3,uniform,multiclass_tasks,0.9455714285714285,,,,,0.9863699069032347
9960,knn,3,uniform,multiclass_tasks,0.7747766911987095,,,,,0.8926591604271443
9964,knn,3,uniform,multiclass_tasks,0.9108372641509433,,,,,0.9801175410429055
9981,knn,3,uniform,multiclass_tasks,0.8555555555555557,,,,,0.9646846064814814
9985,knn,3,uniform,multiclass_tasks,0.5173408534171988,,,,,0.7310432973760091
3,knn,3,distance,balanced_binary_tasks,0.7803644200626959,0.7859769186773851,0.7747334021327829,0.771814237137468,0.8488309354906013,0.8488309354906013
15,knn,3,distance,balanced_binary_tasks,0.9585300207039337,0.9464950419950421,0.9336666666666668,0.938696817857578,0.98097423510467,0.98097423510467
29,knn,3,distance,balanced_binary_tasks,0.8217391304347824,0.8346024008966376,0.8408906882591094,0.829000449035821,0.8674506261518147,0.8674506261518147
31,knn,3,distance,balanced_binary_tasks,0.75,0.6178280078680537,0.4366666666666667,0.5099601060550006,0.7269047619047619,0.7269047619047619
37,knn,3,distance,balanced_binary_tasks,0.7395591250854407,0.6457862793544953,0.5783475783475783,0.6072557750724866,0.7626025641025642,0.7626025641025642
43,knn,3,distance,balanced_binary_tasks,0.8963307554465716,0.8770584225852994,0.8604699168235079,0.8675960532322083,0.9360522014017395,0.9360522014017395
49,knn,3,distance,balanced_binary_tasks,0.8350438596491229,0.833776155642482,0.9428315412186379,0.8812544504352532,0.820918945942665,0.820918945942665
219,knn,3,distance,balanced_binary_tasks,0.6936534636454605,0.7475927340339756,0.7396733164133373,0.7311842662143926,0.7293227334807966,0.7293227334807966
9910,knn,3,distance,balanced_binary_tasks,0.7608702127659573,0.7702503124161333,0.796452719018642,0.7829058776476288,0.8191518541332785,0.8191518541332785
9946,knn,3,distance,balanced_binary_tasks,0.9647869674185465,0.9806271112564019,0.9242424242424244,0.950532530513275,0.9848376623376623,0.9848376623376623
9957,knn,3,distance,balanced_binary_tasks,0.8207187780772687,0.7166401516873945,0.7942857142857143,0.7501933359109343,0.8799272322455552,0.8799272322455552
9976,knn,3,distance,balanced_binary_tasks,0.5484615384615384,0.5416871274159994,0.6284615384615384,0.5814474649119947,0.5601893491124261,0.5601893491124261
10093,knn,3,distance,balanced_binary_tasks,0.9985401459854014,0.9967741935483871,1.0,0.9983739837398374,0.9986842105263157,0.9986842105263157
14952,knn,3,distance,balanced_binary_tasks,0.9588334301588212,0.9552857960471078,0.9718963150670469,0.9634658243359325,0.9812428612911882,0.9812428612911882
3021,knn,3,distance,disbalanced_binary_tasks,0.96421273490239,0.8242514430014432,0.532427536231884,0.6378972571640394,0.8726541902071562,0.8726541902071562
3902,knn,3,distance,disbalanced_binary_tasks,0.8930184222957015,0.5885505670799789,0.44379084967320254,0.5008938336413309,0.8325367647058824,0.8325367647058824
3903,knn,3,distance,disbalanced_binary_tasks,0.8822962600032664,0.400508658008658,0.25625,0.30910830777450693,0.7246776849037487,0.7246776849037487
3904,knn,3,distance,disbalanced_binary_tasks,0.7337637741046833,0.3004547172944907,0.2839629880388174,0.2911489517505022,0.5915859597905762,0.5915859597905762
3913,knn,3,distance,disbalanced_binary_tasks,0.7986211901306242,0.562020202020202,0.4672727272727272,0.4814041995156546,0.7346209481575335,0.7346209481575335
3917,knn,3,distance,disbalanced_binary_tasks,0.764840893703453,0.2699307611991693,0.27926136363636367,0.26786312524249667,0.6108166010189777,0.6108166010189777
3918,knn,3,distance,disbalanced_binary_tasks,0.9125634725634726,0.4116702741702742,0.27142857142857146,0.3117059694691274,0.6951723034247307,0.6951723034247307
7592,knn,3,distance,disbalanced_binary_tasks,0.8204005810965894,0.8731837015577183,0.8937426312609833,0.8833292820192696,0.8250666429217477,0.8250666429217477
9952,knn,3,distance,disbalanced_binary_tasks,0.9019237351954541,0.8580632123977624,0.7988137887110899,0.8268011545696237,0.928182568569305,0.928182568569305
9971,knn,3,distance,disbalanced_binary_tasks,0.6569549970777324,0.41068157762430213,0.3919117647058824,0.3919009253999112,0.631071300471408,0.631071300471408
9977,knn,3,distance,disbalanced_binary_tasks,0.9297817241131394,0.9537093366648959,0.948500702352576,0.9507740872142433,0.9539660234524199,0.9539660234524199
9978,knn,3,distance,disbalanced_binary_tasks,0.9064470449099,0.31846440596440595,0.1625,0.19139102587386342,0.7028991264227209,0.7028991264227209
10101,knn,3,distance,disbalanced_binary_tasks,0.6591711711711712,0.21693251052833595,0.2787581699346405,0.22638361796331435,0.5061088177961244,0.5061088177961244
6,knn,3,distance,multiclass_tasks,0.9555,,,,,0.9923369240017894
11,knn,3,distance,multiclass_tasks,0.732642089093702,,,,,0.7509527044607646
12,knn,3,distance,multiclass_tasks,0.9684999999999999,,,,,0.9907194444444445
14,knn,3,distance,multiclass_tasks,0.8,,,,,0.9430430555555557
16,knn,3,distance,multiclass_tasks,0.9635,,,,,0.9899999999999999
18,knn,3,distance,multiclass_tasks,0.6775,,,,,0.8737041666666666
22,knn,3,distance,multiclass_tasks,0.782,,,,,0.947626388888889
23,knn,3,distance,multiclass_tasks,0.4500873322301893,,,,,0.6050599232801772
28,knn,3,distance,multiclass_tasks,0.9747330960854093,,,,,0.9943447521896406
32,knn,3,distance,multiclass_tasks,0.9937228885763917,,,,,0.9982428834245383
45,knn,3,distance,multiclass_tasks,0.7536050156739812,,,,,0.8786695540123037
53,knn,3,distance,multiclass_tasks,0.7151540616246499,,,,,0.8805220151446547
2074,knn,3,distance,multiclass_tasks,0.9062208398133746,,,,,0.9747175271595043
2079,knn,3,distance,multiclass_tasks,0.3946686412439837,,,,,0.6774036785332906
3022,knn,3,distance,multiclass_tasks,0.6515151515151515,,,,,0.8726430976430976
3481,knn,3,distance,multiclass_tasks,0.9109917382574636,,,,,0.9842317166143916
3549,knn,3,distance,multiclass_tasks,0.994075630252101,,,,,0.9982102558450888
3560,knn,3,distance,multiclass_tasks,0.20343354430379748,,,,,0.5252401756696531
3573,knn,3,distance,multiclass_tasks,0.9467857142857143,,,,,0.9864928133619951
9960,knn,3,distance,multiclass_tasks,0.7799092650468796,,,,,0.8941112029336313
9964,knn,3,distance,multiclass_tasks,0.9171187106918239,,,,,0.9807093494931699
9981,knn,3,distance,multiclass_tasks,0.8722222222222223,,,,,0.9660397376543208
9985,knn,3,distance,multiclass_tasks,0.5472556507600312,,,,,0.7394958406485438
3,knn,5,uniform,balanced_binary_tasks,0.7694151645768026,0.7787900090735771,0.7557705538355692,0.7549182103697015,0.8559007715045992,0.8559007715045992
15,knn,5,uniform,balanced_binary_tasks,0.9656935817805383,0.9558565138565139,0.9460000000000001,0.9498181970290428,0.9854626409017714,0.9854626409017714
29,knn,5,uniform,balanced_binary_tasks,0.8376811594202899,0.8446729516506825,0.859379217273954,0.8436298119316928,0.8855334987593052,0.8855334987593052
31,knn,5,uniform,balanced_binary_tasks,0.751,0.6442209493293085,0.39666666666666667,0.4878722371603839,0.7465238095238095,0.7465238095238095
37,knn,5,uniform,balanced_binary_tasks,0.739542036910458,0.6566471571906355,0.5632478632478632,0.6025988580101294,0.7805769230769231,0.7805769230769231
43,knn,5,uniform,balanced_binary_tasks,0.8974177119683111,0.8889002204448285,0.847231497783984,0.8667015171358676,0.9385379175141129,0.9385379175141129
49,knn,5,uniform,balanced_binary_tasks,0.8278070175438597,0.8278112276225373,0.9333077316948284,0.8741563995313284,0.8455565070603022,0.8455565070603022
219,knn,5,uniform,balanced_binary_tasks,0.7048865635439142,0.7573940065808918,0.7527126854080919,0.7414862673389583,0.7569815249987746,0.7569815249987746
9910,knn,5,uniform,balanced_binary_tasks,0.7552723404255319,0.7605253333801212,0.8008765575195594,0.7799299336877523,0.8184739877581799,0.8184739877581799
9946,knn,5,uniform,balanced_binary_tasks,0.9666353383458647,0.9812981069273976,0.9290043290043289,0.9534687723570311,0.9891579055864769,0.9891579055864769
9957,knn,5,uniform,balanced_binary_tasks,0.8434501347708896,0.7581225319396051,0.8081746031746032,0.777503720529759,0.8912532699069965,0.8912532699069965
9976,knn,5,uniform,balanced_binary_tasks,0.5373076923076924,0.5313289344332001,0.6361538461538462,0.5783470618006539,0.5664644970414201,0.5664644970414201
10093,knn,5,uniform,balanced_binary_tasks,0.9985401459854014,0.9967741935483871,1.0,0.9983739837398374,0.9986842105263157,0.9986842105263157
14952,knn,5,uniform,balanced_binary_tasks,0.9413776766792404,0.9381256397862442,0.9580920705310948,0.9479697866369736,0.9809177188330944,0.9809177188330944
3021,knn,5,uniform,disbalanced_binary_tasks,0.9618261687227203,0.8558119658119658,0.45905797101449275,0.589225380029554,0.8954445873019168,0.8954445873019168
3902,knn,5,uniform,disbalanced_binary_tasks,0.8902598016060465,0.5875252525252526,0.36470588235294116,0.4444733682664717,0.8482281454248366,0.8482281454248366
3903,knn,5,uniform,disbalanced_binary_tasks,0.8861342479176875,0.40300366300366297,0.16875,0.23241277515719244,0.7628009435157042,0.7628009435157042
3904,knn,5,uniform,disbalanced_binary_tasks,0.7633479683195592,0.34492078748509714,0.2483457458812909,0.28773989120359555,0.6203494307432681,0.6203494307432681
3913,knn,5,uniform,disbalanced_binary_tasks,0.8158200290275761,0.5543223443223444,0.4590909090909091,0.4837375674907644,0.7613419913419914,0.7613419913419914
3917,knn,5,uniform,disbalanced_binary_tasks,0.8070367862784924,0.3529512845343841,0.23285984848484848,0.2706779108869273,0.6326834589579493,0.6326834589579493
3918,knn,5,uniform,disbalanced_binary_tasks,0.9242833742833744,0.43499999999999994,0.19464285714285712,0.2595726495726495,0.7104588978982183,0.7104588978982183
7592,knn,5,uniform,disbalanced_binary_tasks,0.8308629519069642,0.8755387745229948,0.9065536177629168,0.8907663026489485,0.8554989985359264,0.8554989985359264
9952,knn,5,uniform,disbalanced_binary_tasks,0.8806469500924214,0.8191195511497036,0.7629050234853912,0.7896339880202594,0.9312337321266376,0.9312337321266376
9971,knn,5,uniform,disbalanced_binary_tasks,0.6482466393921683,0.37984809308338724,0.31250000000000006,0.33631223630225787,0.621357369167179,0.621357369167179
9977,knn,5,uniform,disbalanced_binary_tasks,0.9287374808075389,0.9523712623208939,0.9484599365491484,0.9500806793770786,0.9637512246812936,0.9637512246812936
9978,knn,5,uniform,disbalanced_binary_tasks,0.9147365472596558,0.38108793098154803,0.14375,0.19619707811469825,0.7374055951494523,0.7374055951494523
10101,knn,5,uniform,disbalanced_binary_tasks,0.6993693693693693,0.34517900681693786,0.2950980392156862,0.2445051574609355,0.5639949547070289,0.5639949547070289
6,knn,5,uniform,multiclass_tasks,0.9477499999999999,,,,,0.996040911723718
11,knn,5,uniform,multiclass_tasks,0.7295442908346135,,,,,0.7667464116758181
12,knn,5,uniform,multiclass_tasks,0.969,,,,,0.9930722222222222
14,knn,5,uniform,multiclass_tasks,0.7935000000000001,,,,,0.9600569444444446
16,knn,5,uniform,multiclass_tasks,0.9560000000000001,,,,,0.9934861111111111
18,knn,5,uniform,multiclass_tasks,0.7084999999999999,,,,,0.9412416666666669
22,knn,5,uniform,multiclass_tasks,0.8019999999999999,,,,,0.9656736111111112
23,knn,5,uniform,multiclass_tasks,0.49155635227063793,,,,,0.649985292995912
28,knn,5,uniform,multiclass_tasks,0.9733096085409251,,,,,0.996335042779332
32,knn,5,uniform,multiclass_tasks,0.9925399950368105,,,,,0.9985977822708542
45,knn,5,uniform,multiclass_tasks,0.747962382445141,,,,,0.8980599945036136
53,knn,5,uniform,multiclass_tasks,0.712829131652661,,,,,0.9009773883891434
2074,knn,5,uniform,multiclass_tasks,0.9090202177293936,,,,,0.98068612093846
2079,knn,5,uniform,multiclass_tasks,0.40003702332469454,,,,,0.7008974174340062
3022,knn,5,uniform,multiclass_tasks,0.6414141414141414,,,,,0.8898877665544331
3481,knn,5,uniform,multiclass_tasks,0.9047057371383431,,,,,0.9898911984345371
3549,knn,5,uniform,multiclass_tasks,0.994075630252101,,,,,0.9986418127938872
3560,knn,5,uniform,multiclass_tasks,0.205870253164557,,,,,0.5328139786337613
3573,knn,5,uniform,multiclass_tasks,0.9454428571428573,,,,,0.9901179199255136
9960,knn,5,uniform,multiclass_tasks,0.7667150586416642,,,,,0.9055831822606113
9964,knn,5,uniform,multiclass_tasks,0.9064622641509434,,,,,0.9865775312181831
9981,knn,5,uniform,multiclass_tasks,0.8555555555555555,,,,,0.9733555169753085
9985,knn,5,uniform,multiclass_tasks,0.5197958452338927,,,,,0.7474745940100502
3,knn,5,distance,balanced_binary_tasks,0.769728644200627,0.779391684684543,0.7551126590987273,0.7550121531449763,0.8673401563404332,0.8673401563404332
15,knn,5,distance,balanced_binary_tasks,0.9656935817805383,0.9558565138565139,0.9460000000000001,0.9498181970290428,0.9856427938808373,0.9856427938808373
29,knn,5,distance,balanced_binary_tasks,0.8304347826086955,0.8422537566741395,0.8462213225371119,0.8356879935745856,0.8856122937616995,0.8856122937616995
31,knn,5,distance,balanced_binary_tasks,0.75,0.6429546689457176,0.39333333333333337,0.4846189993285014,0.7545238095238095,0.7545238095238095
37,knn,5,distance,balanced_binary_tasks,0.7369446343130553,0.6492208960879038,0.5632478632478632,0.6000008433454188,0.7812649572649573,0.7812649572649573
43,knn,5,distance,balanced_binary_tasks,0.9043718758841836,0.8929543421037828,0.8626798615748891,0.8765501976611905,0.9442434844156027,0.9442434844156027
49,knn,5,distance,balanced_binary_tasks,0.8278070175438597,0.8278112276225373,0.9333077316948284,0.8741563995313284,0.8412208969609349,0.8412208969609349
219,knn,5,distance,balanced_binary_tasks,0.7027460041378184,0.756153395797797,0.7496447447998664,0.7393223932427238,0.7555650767357449,0.7555650767357449
9910,knn,5,distance,balanced_binary_tasks,0.7574021276595745,0.7626065995208534,0.802834927074278,0.7819657217477641,0.8331929716893957,0.8331929716893957
9946,knn,5,distance,balanced_binary_tasks,0.9666353383458647,0.9812981069273976,0.9290043290043289,0.9534687723570311,0.9894138665567235,0.9894138665567235
9957,knn,5,distance,balanced_binary_tasks,0.8405929919137467,0.7514009675637583,0.8109523809523809,0.7751557941835341,0.8925439876433664,0.8925439876433664
9976,knn,5,distance,balanced_binary_tasks,0.5373076923076924,0.5313289344332001,0.6361538461538462,0.5783470618006539,0.5673668639053255,0.5673668639053255
10093,knn,5,distance,balanced_binary_tasks,0.9985401459854014,0.9967741935483871,1.0,0.9983739837398374,0.9986842105263157,0.9986842105263157
14952,knn,5,distance,balanced_binary_tasks,0.9577477846055658,0.9544351033901531,0.9707591595396474,0.962490172012639,0.9859572162418215,0.9859572162418215
3021,knn,5,distance,disbalanced_binary_tasks,0.9636836343732895,0.8479178909325968,0.5023550724637681,0.624139357734559,0.8973373904278862,0.8973373904278862
3902,knn,5,distance,disbalanced_binary_tasks,0.8971280113367974,0.6361921850079744,0.3931372549019608,0.4788814616400824,0.8604498570261437,0.8604498570261437
3903,knn,5,distance,disbalanced_binary_tasks,0.8906132614731339,0.45849428349428345,0.21875,0.2888236992614804,0.7734780268490375,0.7734780268490375
3904,knn,5,distance,disbalanced_binary_tasks,0.7550781883001134,0.3293031701629852,0.25927104491085534,0.28897847057211934,0.6203817450535706,0.6203817450535706
3913,knn,5,distance,disbalanced_binary_tasks,0.8004354136429607,0.5371428571428571,0.46818181818181814,0.4749694515487355,0.7505057544081934,0.7505057544081934
3917,knn,5,distance,disbalanced_binary_tasks,0.8065718799368089,0.36358085733657813,0.24829545454545454,0.2849497698329348,0.6392161990487385,0.6392161990487385
3918,knn,5,distance,disbalanced_binary_tasks,0.9242833742833744,0.4621428571428572,0.2446428571428571,0.30637806637806636,0.7020464365731356,0.7020464365731356
7592,knn,5,distance,disbalanced_binary_tasks,0.8277712866863327,0.8751846576917137,0.9023011617580374,0.8885263858638055,0.8544450521169843,0.8544450521169843
9952,knn,5,distance,disbalanced_binary_tasks,0.8987803792702129,0.8564768295492857,0.7881219648117189,0.8203727868950932,0.9444609017097717,0.9444609017097717
9971,knn,5,distance,disbalanced_binary_tasks,0.6448275862068965,0.37234671125975477,0.3003676470588236,0.32562130151396007,0.6298615025278403,0.6298615025278403
9977,knn,5,distance,disbalanced_binary_tasks,0.930275226500085,0.9530555154309148,0.949962713801962,0.9511921186214733,0.9646643141647562,0.9646643141647562
9978,knn,5,distance,disbalanced_binary_tasks,0.9147365472596558,0.38108793098154803,0.14375,0.19619707811469825,0.7394768508669289,0.7394768508669289
10101,knn,5,distance,disbalanced_binary_tasks,0.6686126126126126,0.23311157796451915,0.24477124183006532,0.1989427271883412,0.5062492833390666,0.5062492833390666
6,knn,5,distance,multiclass_tasks,0.9542499999999998,,,,,0.9961697002693862
11,knn,5,distance,multiclass_tasks,0.732821300563236,,,,,0.7674622527336844
12,knn,5,distance,multiclass_tasks,0.9694999999999998,,,,,0.9931277777777778
14,knn,5,distance,multiclass_tasks,0.8035,,,,,0.9606652777777777
16,knn,5,distance,multiclass_tasks,0.9640000000000001,,,,,0.9936152777777778
18,knn,5,distance,multiclass_tasks,0.692,,,,,0.8942152777777777
22,knn,5,distance,multiclass_tasks,0.7859999999999999,,,,,0.9583027777777777
23,knn,5,distance,multiclass_tasks,0.47454954954954953,,,,,0.6253056567160098
28,knn,5,distance,multiclass_tasks,0.9741992882562277,,,,,0.9963886400282146
32,knn,5,distance,multiclass_tasks,0.9926309868475475,,,,,0.9986025249931301
45,knn,5,distance,multiclass_tasks,0.768025078369906,,,,,0.9065835440605772
53,knn,5,distance,multiclass_tasks,0.7175630252100841,,,,,0.9032013169112553
2074,knn,5,distance,multiclass_tasks,0.9082426127527217,,,,,0.9814495128005098
2079,knn,5,distance,multiclass_tasks,0.38648648648648654,,,,,0.7061694367979652
3022,knn,5,distance,multiclass_tasks,0.6535353535353535,,,,,0.8944612794612794
3481,knn,5,distance,multiclass_tasks,0.9152239886771337,,,,,0.9903788977030776
3549,knn,5,distance,multiclass_tasks,0.994075630252101,,,,,0.9986418127938872
3560,knn,5,distance,multiclass_tasks,0.20716772151898732,,,,,0.5184914578726867
3573,knn,5,distance,multiclass_tasks,0.9467428571428572,,,,,0.990250039689578
9960,knn,5,distance,multiclass_tasks,0.7762469334946399,,,,,0.9085805368882234
9964,knn,5,distance,multiclass_tasks,0.9133569182389936,,,,,0.9872431476158974
9981,knn,5,distance,multiclass_tasks,0.875,,,,,0.9754243827160494
9985,knn,5,distance,multiclass_tasks,0.5523226148069702,,,,,0.7595752786308643
3,knn,7,uniform,balanced_binary_tasks,0.7637891849529781,0.7758064326580973,0.7505718954248366,0.750160414145627,0.8599937988173751,0.8599937988173751
15,knn,7,uniform,balanced_binary_tasks,0.9671428571428571,0.9534070711896799,0.9543333333333333,0.9527090039602264,0.9873205314009661,0.9873205314009661
29,knn,7,uniform,balanced_binary_tasks,0.8376811594202899,0.8395958914888434,0.8724696356275304,0.8482147202719975,0.8931467937834661,0.8931467937834661
31,knn,7,uniform,balanced_binary_tasks,0.751,0.6554449330339424,0.36999999999999994,0.4710005625495973,0.7467619047619047,0.7467619047619047
37,knn,7,uniform,balanced_binary_tasks,0.744771018455229,0.6743871068544982,0.5484330484330483,0.6015518300045481,0.7876310541310543,0.7876310541310543
43,knn,7,uniform,balanced_binary_tasks,0.8965486183155711,0.8909567897257767,0.8417127071823204,0.8648451043296754,0.9436194913744153,0.9436194913744153
49,knn,7,uniform,balanced_binary_tasks,0.7755811403508772,0.7809185732444172,0.910931899641577,0.83850974225425,0.818375416311849,0.818375416311849
219,knn,7,uniform,balanced_binary_tasks,0.7108892589112992,0.7626948820181354,0.7619935473395131,0.7479925762595141,0.770248680940161,0.770248680940161
9910,knn,7,uniform,balanced_binary_tasks,0.7499418439716312,0.7556772573385296,0.7964309861875785,0.7753256671107944,0.8197151556613491,0.8197151556613491
9946,knn,7,uniform,balanced_binary_tasks,0.9666353383458647,0.9856271112564018,0.9244588744588744,0.9531284433723457,0.9880375180375178,0.9880375180375178
9957,knn,7,uniform,balanced_binary_tasks,0.8397035040431268,0.7499167930475684,0.8111111111111111,0.7735920072164233,0.8937681159420288,0.8937681159420288
9976,knn,7,uniform,balanced_binary_tasks,0.558076923076923,0.5484340344337282,0.66,0.598324755313205,0.5770029585798817,0.5770029585798817
10093,knn,7,uniform,balanced_binary_tasks,0.9985401459854014,0.9967741935483871,1.0,0.9983739837398374,0.9993421052631579,0.9993421052631579
14952,knn,7,uniform,balanced_binary_tasks,0.9340519421010859,0.9334772387220003,0.9494871185724844,0.9413577819722153,0.9803702751889597,0.9803702751889597
3021,knn,7,uniform,disbalanced_binary_tasks,0.9605020139502898,0.8875124875124876,0.41594202898550725,0.5579194778983803,0.9054911320250991,0.9054911320250991
3902,knn,7,uniform,disbalanced_binary_tasks,0.8909494567784602,0.6169047619047618,0.2800653594771242,0.3785744690092516,0.8607192095588235,0.8607192095588235
3903,knn,7,uniform,disbalanced_binary_tasks,0.8841989220970113,0.2683333333333333,0.09375,0.13556461082776872,0.7954511778115501,0.7954511778115501
3904,knn,7,uniform,disbalanced_binary_tasks,0.7777738953708205,0.36625526388846186,0.2122545700744753,0.26740732712866555,0.6366787450837468,0.6366787450837468
3913,knn,7,uniform,disbalanced_binary_tasks,0.8158200290275761,0.5654437229437229,0.4136363636363637,0.45924476967820616,0.7728732446415373,0.7728732446415373
3917,knn,7,uniform,disbalanced_binary_tasks,0.8075174904084857,0.3324447061652944,0.19318181818181818,0.23620854844814598,0.663823503239824,0.663823503239824
3918,knn,7,uniform,disbalanced_binary_tasks,0.9251842751842754,0.38166666666666665,0.16785714285714284,0.22952602952602952,0.7105609196628614,0.7105609196628614
7592,knn,7,uniform,disbalanced_binary_tasks,0.8355106474297876,0.8764000078689709,0.9124750198117486,0.89406789687827,0.8686221674779974,0.8686221674779974
9952,knn,7,uniform,disbalanced_binary_tasks,0.8808355582939686,0.8214749712041834,0.760405222514131,0.7892919653622366,0.9316472031951776,0.9316472031951776
9971,knn,7,uniform,disbalanced_binary_tasks,0.6570426651081239,0.4024586524586525,0.31911764705882356,0.34830050075684105,0.6435195267131243,0.6435195267131243
9977,knn,7,uniform,disbalanced_binary_tasks,0.9303623849820373,0.9530880998155661,0.9500846978828499,0.951249151980212,0.9679399092262944,0.9679399092262944
9978,knn,7,uniform,disbalanced_binary_tasks,0.919474961874825,0.3910568086883876,0.15,0.2036230803690758,0.7471336715065773,0.7471336715065773
10101,knn,7,uniform,disbalanced_binary_tasks,0.7073873873873874,0.2856477930671479,0.261437908496732,0.22190496402296062,0.5697339754615298,0.5697339754615298
6,knn,7,uniform,multiclass_tasks,0.9447999999999999,,,,,0.997373408860281
11,knn,7,uniform,multiclass_tasks,0.788658474142345,,,,,0.7990470723569634
12,knn,7,uniform,multiclass_tasks,0.966,,,,,0.9940416666666664
14,knn,7,uniform,multiclass_tasks,0.798,,,,,0.9668791666666667
16,knn,7,uniform,multiclass_tasks,0.9480000000000001,,,,,0.9943458333333333
18,knn,7,uniform,multiclass_tasks,0.7144999999999999,,,,,0.9488097222222223
22,knn,7,uniform,multiclass_tasks,0.807,,,,,0.9704583333333334
23,knn,7,uniform,multiclass_tasks,0.4997150211435925,,,,,0.6529744217693061
28,knn,7,uniform,multiclass_tasks,0.9701067615658363,,,,,0.9968546411231676
32,knn,7,uniform,multiclass_tasks,0.9917212341798329,,,,,0.9988774459389846
45,knn,7,uniform,multiclass_tasks,0.7714733542319749,,,,,0.9126229491569869
53,knn,7,uniform,multiclass_tasks,0.7187815126050421,,,,,0.9081031035796482
2074,knn,7,uniform,multiclass_tasks,0.9057542768273719,,,,,0.9836921681243982
2079,knn,7,uniform,multiclass_tasks,0.41899296556830806,,,,,0.7188008313320858
3022,knn,7,uniform,multiclass_tasks,0.594949494949495,,,,,0.9024523007856342
3481,knn,7,uniform,multiclass_tasks,0.9099651097725552,,,,,0.9928446834899622
3549,knn,7,uniform,multiclass_tasks,0.994075630252101,,,,,0.9986110510358894
3560,knn,7,uniform,multiclass_tasks,0.2285284810126582,,,,,0.5387961420507488
3573,knn,7,uniform,multiclass_tasks,0.9445428571428571,,,,,0.9919241005861654
9960,knn,7,uniform,multiclass_tasks,0.7667110259770811,,,,,0.912603352606092
9964,knn,7,uniform,multiclass_tasks,0.9146305031446541,,,,,0.990028642450126
9981,knn,7,uniform,multiclass_tasks,0.8555555555555557,,,,,0.9780044367283949
9985,knn,7,uniform,multiclass_tasks,0.5099892493822406,,,,,0.7535898202833572
3,knn,7,distance,balanced_binary_tasks,0.7662970219435736,0.7786381935929763,0.752545579635363,0.7525729733793466,0.8720586290211922,0.8720586290211922
15,knn,7,distance,balanced_binary_tasks,0.9671428571428571,0.9534070711896799,0.9543333333333333,0.9527090039602264,0.9878640096618359,0.9878640096618359
29,knn,7,distance,balanced_binary_tasks,0.8376811594202899,0.8436222237938598,0.8646423751686909,0.8454263426435109,0.8940384252608362,0.8940384252608362
31,knn,7,distance,balanced_binary_tasks,0.75,0.6522288659053365,0.37,0.47003162270724036,0.7592142857142857,0.7592142857142857
37,knn,7,distance,balanced_binary_tasks,0.740892002734108,0.662971141412991,0.5484330484330483,0.5975380610639018,0.7904358974358974,0.7904358974358974
43,knn,7,distance,balanced_binary_tasks,0.9080665849287938,0.8974516224087694,0.8670815372472832,0.8812609736352177,0.9500838147658882,0.9500838147658882
49,knn,7,distance,balanced_binary_tasks,0.7755811403508772,0.7809185732444172,0.910931899641577,0.83850974225425,0.8219700734643809,0.8219700734643809
219,knn,7,distance,balanced_binary_tasks,0.7079100081949921,0.7602529589734279,0.7585037393426382,0.7450803655722718,0.7686683273752638,0.7686683273752638
9910,knn,7,distance,balanced_binary_tasks,0.7640709219858156,0.7677742840814302,0.8102047715637978,0.788294315049295,0.8349942148738674,0.8349942148738674
9946,knn,7,distance,balanced_binary_tasks,0.9666353383458647,0.9856271112564018,0.9244588744588744,0.9531284433723457,0.9886260564831992,0.9886260564831992
9957,knn,7,distance,balanced_binary_tasks,0.8406289308176103,0.747644981241651,0.8166666666666667,0.7759337127619721,0.8976220710506425,0.8976220710506425
9976,knn,7,distance,balanced_binary_tasks,0.558076923076923,0.5484340344337282,0.66,0.598324755313205,0.5789940828402368,0.5789940828402368
10093,knn,7,distance,balanced_binary_tasks,0.9985401459854014,0.9967741935483871,1.0,0.9983739837398374,0.9993421052631579,0.9993421052631579
14952,knn,7,distance,balanced_binary_tasks,0.955847332116878,0.9512862688700805,0.9707596874670046,0.9608756431439509,0.9872899634911828,0.9872899634911828
3021,knn,7,distance,disbalanced_binary_tasks,0.961828975622079,0.8856277056277057,0.4420289855072463,0.5795980650693273,0.90748474985671,0.90748474985671
3902,knn,7,distance,disbalanced_binary_tasks,0.8957534246575343,0.6479166666666666,0.32516339869281047,0.4237433887510614,0.8769952512254902,0.8769952512254902
3903,knn,7,distance,disbalanced_binary_tasks,0.8918830638575861,0.4109523809523809,0.16875,0.2364130362391232,0.8087313196555218,0.8087313196555218
3904,knn,7,distance,disbalanced_binary_tasks,0.7707900360557447,0.35245220762290724,0.227447528774543,0.27512816912287963,0.6372318043522319,0.6372318043522319
3913,knn,7,distance,disbalanced_binary_tasks,0.8004354136429608,0.5434798534798535,0.4318181818181818,0.4546218487394958,0.7572339246119734,0.7572339246119734
3917,knn,7,distance,disbalanced_binary_tasks,0.8051478221620402,0.33115574535143977,0.20861742424242422,0.24816074718214748,0.6642992751173147,0.6642992751173147
3918,knn,7,distance,disbalanced_binary_tasks,0.9242833742833744,0.4027777777777778,0.20714285714285713,0.2653833095009565,0.7012876080230449,0.7012876080230449
7592,knn,7,distance,disbalanced_binary_tasks,0.8319480315897921,0.8755516574230331,0.9081954792994393,0.8915675912055704,0.8672934465487001,0.8672934465487001
9952,knn,7,distance,disbalanced_binary_tasks,0.9019278428150888,0.8602135676389965,0.7956850569222196,0.8262805326603184,0.9475359192325656,0.9475359192325656
9971,knn,7,distance,disbalanced_binary_tasks,0.6450029222676797,0.3800682650682651,0.31286764705882353,0.3369667111326704,0.6440587210493953,0.6440587210493953
9977,knn,7,distance,disbalanced_binary_tasks,0.9314359084190228,0.9540552594110492,0.9505720735116936,0.9519910820135346,0.9689663608632498,0.9689663608632498
9978,knn,7,distance,disbalanced_binary_tasks,0.919474961874825,0.3910568086883876,0.15,0.2036230803690758,0.7518407837818671,0.7518407837818671
10101,knn,7,distance,disbalanced_binary_tasks,0.6726126126126126,0.1806137992831541,0.22222222222222218,0.17765475465939862,0.4979417497993349,0.4979417497993349
6,knn,7,distance,multiclass_tasks,0.9512,,,,,0.9975218567369477
11,knn,7,distance,multiclass_tasks,0.7759600614439324,,,,,0.7916263613733454
12,knn,7,distance,multiclass_tasks,0.967,,,,,0.9941388888888889
14,knn,7,distance,multiclass_tasks,0.8084999999999999,,,,,0.9675333333333332
16,knn,7,distance,multiclass_tasks,0.9555,,,,,0.9944986111111109
18,knn,7,distance,multiclass_tasks,0.689,,,,,0.9001472222222222
22,knn,7,distance,multiclass_tasks,0.7865,,,,,0.9605291666666667
23,knn,7,distance,multiclass_tasks,0.46844548630262917,,,,,0.6262426953754338
28,knn,7,distance,multiclass_tasks,0.9717081850533809,,,,,0.9969206264948205
32,knn,7,distance,multiclass_tasks,0.9922670196045992,,,,,0.998882749094242
45,knn,7,distance,multiclass_tasks,0.7858934169278997,,,,,0.9198757155394413
53,knn,7,distance,multiclass_tasks,0.7140196078431373,,,,,0.9106021747650642
2074,knn,7,distance,multiclass_tasks,0.9063763608087092,,,,,0.9844661368194331
2079,knn,7,distance,multiclass_tasks,0.4123102554609404,,,,,0.7228952156059599
3022,knn,7,distance,multiclass_tasks,0.6444444444444445,,,,,0.910084175084175
3481,knn,7,distance,multiclass_tasks,0.9186865145979395,,,,,0.9932364976860788
3549,knn,7,distance,multiclass_tasks,0.994075630252101,,,,,0.9986186267934652
3560,knn,7,distance,multiclass_tasks,0.2071993670886076,,,,,0.5158473216849148
3573,knn,7,distance,multiclass_tasks,0.9455714285714286,,,,,0.9920644636029408
9960,knn,7,distance,multiclass_tasks,0.7808293846825956,,,,,0.9166751439063077
9964,knn,7,distance,multiclass_tasks,0.917134433962264,,,,,0.9906826114694365
9981,knn,7,distance,multiclass_tasks,0.8768518518518519,,,,,0.98046875
9985,knn,7,distance,multiclass_tasks,0.5513430249350149,,,,,0.7696770091291281
3,knn,9,uniform,balanced_binary_tasks,0.7672208072100314,0.7741677120445039,0.7636609907120743,0.7563606140810768,0.8644150213691011,0.8644150213691011
15,knn,9,uniform,balanced_binary_tasks,0.9657142857142859,0.9534070711896799,0.9501666666666667,0.9505813443857584,0.9902190821256038,0.9902190821256038
29,knn,9,uniform,balanced_binary_tasks,0.8405797101449275,0.8464680789535214,0.8672064777327935,0.848154005035776,0.8973232191313686,0.8973232191313686
31,knn,9,uniform,balanced_binary_tasks,0.756,0.6858742727860376,0.35,0.4610528659593783,0.7581666666666667,0.7581666666666667
37,knn,9,uniform,balanced_binary_tasks,0.7487012987012986,0.6810922191843244,0.5521367521367522,0.6061856083067723,0.7973361823361823,0.7973361823361823
43,knn,9,uniform,balanced_binary_tasks,0.8980698858813543,0.8901767808883078,0.847231497783984,0.8674583098839168,0.9460951835436084,0.9460951835436084
49,knn,9,uniform,balanced_binary_tasks,0.7181798245614035,0.7311206634646703,0.8902713773681515,0.8003344447531655,0.7541439628963348,0.7541439628963348
219,knn,9,uniform,balanced_binary_tasks,0.7165610427567431,0.766421344819677,0.7706996530106534,0.7539685750284963,0.7798811123727816,0.7798811123727816
9910,knn,9,uniform,balanced_binary_tasks,0.7470070921985815,0.7533345430559236,0.7929923693615377,0.7725211907284454,0.8195235114637967,0.8195235114637967
9946,knn,9,uniform,balanced_binary_tasks,0.9666040100250626,0.985627111256402,0.9244588744588744,0.952855410884936,0.9896985157699444,0.9896985157699444
9957,knn,9,uniform,balanced_binary_tasks,0.8387601078167117,0.7580707080185258,0.7971428571428572,0.7699871335537288,0.8980249926057381,0.8980249926057381
9976,knn,9,uniform,balanced_binary_tasks,0.5684615384615384,0.5574805187364851,0.6715384615384615,0.6084406597061988,0.5901331360946745,0.5901331360946745
10093,knn,9,uniform,balanced_binary_tasks,0.9985401459854014,0.9967741935483871,1.0,0.9983739837398374,0.9993421052631579,0.9993421052631579
14952,knn,9,uniform,balanced_binary_tasks,0.9318811419407101,0.931543335021497,0.9475385386970752,0.9394248963976706,0.9798705920313017,0.9798705920313017
3021,knn,9,uniform,disbalanced_binary_tasks,0.9607644590403212,0.8921886446886447,0.41141304347826085,0.554997040103277,0.9180752053053602,0.9180752053053602
3902,knn,9,uniform,disbalanced_binary_tasks,0.8971280113367973,0.7081601731601731,0.2748366013071895,0.3884268222199257,0.8648258782679739,0.8648258782679739
3903,knn,9,uniform,disbalanced_binary_tasks,0.888669769720725,0.31357142857142856,0.0625,0.09930638617002865,0.8153843718338398,0.8153843718338398
3904,knn,9,uniform,disbalanced_binary_tasks,0.7831945794846864,0.3784200285406244,0.2003791469194313,0.2601929886401298,0.643961357001692,0.643961357001692
3913,knn,9,uniform,disbalanced_binary_tasks,0.8119375907111757,0.5396717171717171,0.3936363636363636,0.4384436469962785,0.7939003273149614,0.7939003273149614
3917,knn,9,uniform,disbalanced_binary_tasks,0.8340690589031821,0.4349536501510186,0.1871212121212121,0.2543279248578325,0.6774298769266325,0.6774298769266325
3918,knn,9,uniform,disbalanced_binary_tasks,0.9278869778869779,0.425,0.14464285714285713,0.21080808080808078,0.7545963138802944,0.7545963138802944
7592,knn,9,uniform,disbalanced_binary_tasks,0.8384998034230378,0.8772146280619484,0.9159199750234336,0.8961415929059955,0.8769368643680361,0.8769368643680361
9952,knn,9,uniform,disbalanced_binary_tasks,0.875468268638324,0.8096287854431343,0.7540920308892604,0.780453642089934,0.9338141588961767,0.9338141588961767
9971,knn,9,uniform,disbalanced_binary_tasks,0.6724430157802455,0.4011474310003722,0.27132352941176474,0.31386896703163564,0.6512868714558995,0.6512868714558995
9977,knn,9,uniform,disbalanced_binary_tasks,0.9299272492284709,0.9530888948070254,0.9493942683148454,0.9509031153762605,0.9704049827099525,0.9704049827099525
9978,knn,9,uniform,disbalanced_binary_tasks,0.9293594970589151,0.4353571428571428,0.13125,0.19515109413850834,0.7848134506967345,0.7848134506967345
10101,knn,9,uniform,disbalanced_binary_tasks,0.7180360360360362,0.28667582417582416,0.25555555555555554,0.22036880007797094,0.571600160532049,0.571600160532049
6,knn,9,uniform,multiclass_tasks,0.94255,,,,,0.9979650979246426
11,knn,9,uniform,multiclass_tasks,0.8176139272913467,,,,,0.8390254250245442
12,knn,9,uniform,multiclass_tasks,0.966,,,,,0.9950902777777777
14,knn,9,uniform,multiclass_tasks,0.8010000000000002,,,,,0.9703999999999999
16,knn,9,uniform,multiclass_tasks,0.95,,,,,0.9953
18,knn,9,uniform,multiclass_tasks,0.724,,,,,0.9517194444444443
22,knn,9,uniform,multiclass_tasks,0.8075000000000001,,,,,0.9736486111111111
23,knn,9,uniform,multiclass_tasks,0.5003677146534289,,,,,0.6638033401087704
28,knn,9,uniform,multiclass_tasks,0.9704626334519574,,,,,0.9975950429389376
32,knn,9,uniform,multiclass_tasks,0.990083795185706,,,,,0.9990205552320581
45,knn,9,uniform,multiclass_tasks,0.7858934169278997,,,,,0.9223439785028763
53,knn,9,uniform,multiclass_tasks,0.6962745098039216,,,,,0.9071200000648123
2074,knn,9,uniform,multiclass_tasks,0.9045101088646967,,,,,0.9853633773243203
2079,knn,9,uniform,multiclass_tasks,0.4136801184746391,,,,,0.7285179066554772
3022,knn,9,uniform,multiclass_tasks,0.5686868686868687,,,,,0.9066778900112233
3481,knn,9,uniform,multiclass_tasks,0.9117603107205159,,,,,0.9940770529052001
3549,knn,9,uniform,multiclass_tasks,0.9928991596638657,,,,,0.9995150814971666
3560,knn,9,uniform,multiclass_tasks,0.22981012658227845,,,,,0.5511910436171782
3573,knn,9,uniform,multiclass_tasks,0.9426285714285714,,,,,0.9929674301206937
9960,knn,9,uniform,multiclass_tasks,0.7602964008468597,,,,,0.9144861188001258
9964,knn,9,uniform,multiclass_tasks,0.9052122641509435,,,,,0.9907080003367529
9981,knn,9,uniform,multiclass_tasks,0.8537037037037036,,,,,0.9796392746913579
9985,knn,9,uniform,multiclass_tasks,0.5108065102745953,,,,,0.7566731620196269
3,knn,9,distance,balanced_binary_tasks,0.769101684952978,0.7759044839639679,0.7662925696594428,0.758446325894168,0.8753104780839556,0.8753104780839556
15,knn,9,distance,balanced_binary_tasks,0.9657142857142859,0.9534070711896799,0.9501666666666667,0.9505813443857584,0.9908531400966183,0.9908531400966183
29,knn,9,distance,balanced_binary_tasks,0.8405797101449274,0.8524232361004701,0.8567476383265857,0.8442110409621945,0.8989814693889396,0.8989814693889396
31,knn,9,distance,balanced_binary_tasks,0.756,0.684473088830674,0.35333333333333333,0.4638257972661579,0.7685952380952381,0.7685952380952381
37,knn,9,distance,balanced_binary_tasks,0.7513157894736842,0.6865462836383889,0.5596866096866095,0.6125400722600205,0.802505698005698,0.802505698005698
43,knn,9,distance,balanced_binary_tasks,0.9102414411015749,0.9004577461481557,0.8698439681865097,0.884236757479884,0.9529326512644223,0.9529326512644223
49,knn,9,distance,balanced_binary_tasks,0.7181798245614035,0.7311206634646703,0.8902713773681515,0.8003344447531655,0.7758987156283171,0.7758987156283171
219,knn,9,distance,balanced_binary_tasks,0.712809408676874,0.7637442512902924,0.7657907509513084,0.7501678195724821,0.7780558133114116,0.7780558133114116
9910,knn,9,distance,balanced_binary_tasks,0.7584702127659575,0.7626495587331357,0.8052907369844489,0.7833400883128838,0.8358248821201549,0.8358248821201549
9946,knn,9,distance,balanced_binary_tasks,0.9666040100250626,0.985627111256402,0.9244588744588744,0.952855410884936,0.9901523740809456,0.9901523740809456
9957,knn,9,distance,balanced_binary_tasks,0.8359029649595688,0.7506328411398276,0.7999206349206349,0.7675695350285915,0.9027089618456079,0.9027089618456079
9976,knn,9,distance,balanced_binary_tasks,0.5684615384615384,0.5574805187364851,0.6715384615384615,0.6084406597061988,0.5909556213017751,0.5909556213017751
10093,knn,9,distance,balanced_binary_tasks,0.9985401459854014,0.9967741935483871,1.0,0.9983739837398374,0.9993421052631579,0.9993421052631579
14952,knn,9,distance,balanced_binary_tasks,0.9566621390523103,0.9506447938397062,0.9730324147397317,0.9616656600895308,0.988242412475269,0.988242412475269
3021,knn,9,distance,disbalanced_binary_tasks,0.9615609167333303,0.8973004773004775,0.4288043478260869,0.5685977765639679,0.9201486424071325,0.9201486424071325
3902,knn,9,distance,disbalanced_binary_tasks,0.8978082191780821,0.6918253968253969,0.2973856209150326,0.4084598573729008,0.8820235906862746,0.8820235906862746
3903,knn,9,distance,disbalanced_binary_tasks,0.8937938918830637,0.5133333333333333,0.1375,0.2071496717936346,0.8297452824214793,0.8297452824214793
3904,knn,9,distance,disbalanced_binary_tasks,0.7783232559552747,0.3721780499500247,0.2203272399006996,0.2746923899965397,0.6467160093609003,0.6467160093609003
3913,knn,9,distance,disbalanced_binary_tasks,0.7908200290275762,0.5025487012987012,0.3936363636363636,0.41779651634914783,0.7724891774891776,0.7724891774891776
3917,knn,9,distance,disbalanced_binary_tasks,0.8264861205145564,0.39552256309222256,0.19318181818181818,0.25286828753147716,0.6782761995147635,0.6782761995147635
3918,knn,9,distance,disbalanced_binary_tasks,0.9278869778869779,0.5111111111111111,0.20714285714285713,0.2839147780324251,0.735828310039475,0.735828310039475
7592,knn,9,distance,disbalanced_binary_tasks,0.8346710374653057,0.8758786340039263,0.9119096787092158,0.8935240817064309,0.8752435700959508,0.8752435700959508
9952,knn,9,distance,disbalanced_binary_tasks,0.9010022591907989,0.8580866277482121,0.7950481649550195,0.8249105873451302,0.9515516584245395,0.9515516584245395
9971,knn,9,distance,disbalanced_binary_tasks,0.662010520163647,0.3901998259738198,0.28345588235294117,0.3188622753884646,0.651039531666325,0.651039531666325
9977,knn,9,distance,disbalanced_binary_tasks,0.9318422102306698,0.9543620845776728,0.9508157448350947,0.9522661527717556,0.9715594915077521,0.9715594915077521
9978,knn,9,distance,disbalanced_binary_tasks,0.9269863994273443,0.44107660455486536,0.1375,0.2008126427348395,0.7862040385774562,0.7862040385774562
10101,knn,9,distance,disbalanced_binary_tasks,0.6886486486486487,0.20438412206988055,0.23888888888888887,0.19502953502953502,0.5003841302602912,0.5003841302602912
6,knn,9,distance,multiclass_tasks,0.94985,,,,,0.9981282404408113
11,knn,9,distance,multiclass_tasks,0.8096006144393242,,,,,0.8253613815872276
12,knn,9,distance,multiclass_tasks,0.9655000000000001,,,,,0.9951694444444443
14,knn,9,distance,multiclass_tasks,0.8089999999999999,,,,,0.9713541666666666
16,knn,9,distance,multiclass_tasks,0.9540000000000001,,,,,0.9954305555555555
18,knn,9,distance,multiclass_tasks,0.6910000000000001,,,,,0.902998611111111
22,knn,9,distance,multiclass_tasks,0.7865,,,,,0.9607902777777776
23,knn,9,distance,multiclass_tasks,0.4772384629527487,,,,,0.633429247863056
28,knn,9,distance,multiclass_tasks,0.9713523131672599,,,,,0.9976537097664929
32,knn,9,distance,multiclass_tasks,0.9909025560426835,,,,,0.9990277589764262
45,knn,9,distance,multiclass_tasks,0.8009404388714734,,,,,0.9288237537714755
53,knn,9,distance,multiclass_tasks,0.7056862745098039,,,,,0.910118109782662
2074,knn,9,distance,multiclass_tasks,0.9051321928460343,,,,,0.9861324306732506
2079,knn,9,distance,multiclass_tasks,0.4043132173269159,,,,,0.7327950087386271
3022,knn,9,distance,multiclass_tasks,0.6353535353535353,,,,,0.9164927048260383
3481,knn,9,distance,multiclass_tasks,0.9203536749942398,,,,,0.9944030589995817
3549,knn,9,distance,multiclass_tasks,0.994075630252101,,,,,0.9995154064685314
3560,knn,9,distance,multiclass_tasks,0.21098101265822783,,,,,0.5180235149221942
3573,knn,9,distance,multiclass_tasks,0.9440714285714286,,,,,0.9931131854066881
9960,knn,9,distance,multiclass_tasks,0.7725788890009072,,,,,0.9192912337931187
9964,knn,9,distance,multiclass_tasks,0.9102319182389937,,,,,0.9913947725987249
9981,knn,9,distance,multiclass_tasks,0.8731481481481481,,,,,0.9825472608024693
9985,knn,9,distance,multiclass_tasks,0.5518329535851438,,,,,0.7754440262162583
3,knn,11,uniform,balanced_binary_tasks,0.7694190830721003,0.7820644477118441,0.7551728586171311,0.7557338330903981,0.8706895860199975,0.8706895860199975
15,knn,11,uniform,balanced_binary_tasks,0.9642857142857142,0.9526475191475192,0.9460000000000001,0.9479986230456033,0.9902190821256038,0.9902190821256038
29,knn,11,uniform,balanced_binary_tasks,0.8405797101449275,0.8459942742866084,0.8645074224021592,0.846829583737587,0.8997646307663286,0.8997646307663286
31,knn,11,uniform,balanced_binary_tasks,0.7489999999999999,0.6651713564213565,0.33333333333333337,0.4425003749049348,0.7567857142857143,0.7567857142857143
37,knn,11,uniform,balanced_binary_tasks,0.7421907040328093,0.6758446001882533,0.5223646723646723,0.5835498451218573,0.8032122507122507,0.8032122507122507
43,knn,11,uniform,balanced_binary_tasks,0.8941558992737905,0.8895150011249754,0.8367524740452918,0.8615568948511898,0.9468695212709252,0.9468695212709252
49,knn,11,uniform,balanced_binary_tasks,0.6910964912280702,0.7089359684914054,0.8886584741423451,0.7871108909100208,0.6980162152837674,0.6980162152837674
219,knn,11,uniform,balanced_binary_tasks,0.7189003701674237,0.7677734171690762,0.7751100299806326,0.7566624431380047,0.7862679547452114,0.7862679547452114
9910,knn,11,uniform,balanced_binary_tasks,0.7470078014184398,0.7541684835615902,0.7920047329276538,0.772352994213022,0.8186188517881021,0.8186188517881021
9946,knn,11,uniform,balanced_binary_tasks,0.9666353383458647,0.990096618357488,0.9196969696969697,0.9523577784360839,0.9916156462585033,0.9916156462585033
9957,knn,11,uniform,balanced_binary_tasks,0.8387331536388141,0.7585384472491106,0.8026984126984127,0.7712106482699073,0.8974628315094153,0.8974628315094153
9976,knn,11,uniform,balanced_binary_tasks,0.5646153846153845,0.5534828136248343,0.6715384615384616,0.6062263778959368,0.5959615384615384,0.5959615384615384
10093,knn,11,uniform,balanced_binary_tasks,0.9985401459854014,0.9967741935483871,1.0,0.9983739837398374,0.9993421052631579,0.9993421052631579
14952,knn,11,uniform,balanced_binary_tasks,0.9267254711037287,0.9261347940233158,0.943966318234611,0.9348941317376676,0.9788568420386883,0.9788568420386883
3021,knn,11,uniform,disbalanced_binary_tasks,0.9586424431252016,0.8757517482517482,0.3809782608695652,0.5214392231533052,0.9214364167482583,0.9214364167482583
3902,knn,11,uniform,disbalanced_binary_tasks,0.8957675956542277,0.7301190476190476,0.26372549019607844,0.37700511083119775,0.8705550449346406,0.8705550449346406
3903,knn,11,uniform,disbalanced_binary_tasks,0.8886616037889923,0.325,0.03125,0.055751633986928104,0.8206305407801417,0.8206305407801417
3904,knn,11,uniform,disbalanced_binary_tasks,0.787696314751796,0.39702256860525614,0.1942067253441661,0.25874633475189973,0.6515621576037416,0.6515621576037416
3913,knn,11,uniform,disbalanced_binary_tasks,0.8215529753265602,0.5568542568542568,0.4136363636363637,0.45792765112424555,0.8059143701826628,0.8059143701826628
3917,knn,11,uniform,disbalanced_binary_tasks,0.8392800722184608,0.47076275977204773,0.17462121212121212,0.24742071720499936,0.6916752010445615,0.6916752010445615
3918,knn,11,uniform,disbalanced_binary_tasks,0.9314905814905815,0.5533333333333333,0.14464285714285713,0.22063714063714066,0.7546576603008641,0.7546576603008641
7592,knn,11,uniform,disbalanced_binary_tasks,0.8391138528497791,0.8762022058056995,0.9182614411942392,0.8967321415729032,0.8812059818248722,0.8812059818248722
9952,knn,11,uniform,disbalanced_binary_tasks,0.8699133976860409,0.7990000733154761,0.7446341851763395,0.7705362044211194,0.9330674540505186,0.9330674540505186
9971,knn,11,uniform,disbalanced_binary_tasks,0.6552308591466979,0.33654761904761904,0.22279411764705878,0.2626776718035484,0.6579183960169434,0.6579183960169434
9977,knn,11,uniform,disbalanced_binary_tasks,0.9283603496845778,0.9509933629370474,0.9494348856990857,0.9498662868625916,0.9714328964633072,0.9714328964633072
9978,knn,11,uniform,disbalanced_binary_tasks,0.9376489994086707,0.5402380952380953,0.1,0.1635336209235792,0.8061243484735666,0.8061243484735666
10101,knn,11,uniform,disbalanced_binary_tasks,0.7233693693693695,0.3665811965811966,0.26111111111111107,0.23038460658265497,0.5944989106753812,0.5944989106753812
6,knn,11,uniform,multiclass_tasks,0.94055,,,,,0.998245635157037
11,knn,11,uniform,multiclass_tasks,0.8287762416794676,,,,,0.8777100553415009
12,knn,11,uniform,multiclass_tasks,0.967,,,,,0.9966041666666665
14,knn,11,uniform,multiclass_tasks,0.796,,,,,0.971011111111111
16,knn,11,uniform,multiclass_tasks,0.946,,,,,0.9954152777777777
18,knn,11,uniform,multiclass_tasks,0.7215,,,,,0.9537805555555556
22,knn,11,uniform,multiclass_tasks,0.8055,,,,,0.975484722222222
23,knn,11,uniform,multiclass_tasks,0.5010479867622725,,,,,0.671701079166617
28,knn,11,uniform,multiclass_tasks,0.9681494661921709,,,,,0.9978213373024296
32,knn,11,uniform,multiclass_tasks,0.9895377616014558,,,,,0.9990569500579097
45,knn,11,uniform,multiclass_tasks,0.7990595611285267,,,,,0.9307336737502908
53,knn,11,uniform,multiclass_tasks,0.7128151260504202,,,,,0.908798029181006
2074,knn,11,uniform,multiclass_tasks,0.9027993779160187,,,,,0.9856241702564852
2079,knn,11,uniform,multiclass_tasks,0.40692336171788224,,,,,0.7323353297004768
3022,knn,11,uniform,multiclass_tasks,0.5595959595959596,,,,,0.908327721661055
3481,knn,11,uniform,multiclass_tasks,0.9106061354135809,,,,,0.9946620206291363
3549,knn,11,uniform,multiclass_tasks,0.9928991596638657,,,,,0.9999771389709429
3560,knn,11,uniform,multiclass_tasks,0.2148259493670886,,,,,0.556953637896777
3573,knn,11,uniform,multiclass_tasks,0.9403142857142857,,,,,0.993539856896246
9960,knn,11,uniform,multiclass_tasks,0.7555264307557885,,,,,0.9161873692570829
9964,knn,11,uniform,multiclass_tasks,0.9052161949685533,,,,,0.9919688030617259
9981,knn,11,uniform,multiclass_tasks,0.850925925925926,,,,,0.9797743055555557
9985,knn,11,uniform,multiclass_tasks,0.5055729383952162,,,,,0.7593526396489929
3,knn,11,distance,balanced_binary_tasks,0.7741163793103449,0.7861008150298923,0.7610810113519091,0.7610128628654939,0.8795961369377079,0.8795961369377079
15,knn,11,distance,balanced_binary_tasks,0.962857142857143,0.9488141858141859,0.9460000000000001,0.9460428407326781,0.9907172705314009,0.9907172705314009
29,knn,11,distance,balanced_binary_tasks,0.8434782608695652,0.8552115893392969,0.8592442645074223,0.8471561799806798,0.9006501676026295,0.9006501676026295
31,knn,11,distance,balanced_binary_tasks,0.75,0.669773363891011,0.3333333333333333,0.4435585748507388,0.7681666666666667,0.7681666666666667
37,knn,11,distance,balanced_binary_tasks,0.7422077922077922,0.6679942666029622,0.5411680911680911,0.5939366155009699,0.8063076923076924,0.8063076923076924
43,knn,11,distance,balanced_binary_tasks,0.9074148825804016,0.8982789422436973,0.8643251775848461,0.8803163458152392,0.9545465689528161,0.9545465689528161
49,knn,11,distance,balanced_binary_tasks,0.6931798245614036,0.7108433224899844,0.8886584741423451,0.7882706866951482,0.7262859803419576,0.7262859803419576
219,knn,11,distance,balanced_binary_tasks,0.716097622478316,0.7660167973844497,0.771121564523075,0.7537215003940776,0.784414983446955,0.784414983446955
9910,knn,11,distance,balanced_binary_tasks,0.7590028368794325,0.7648413395957265,0.8028252680382497,0.7831523874535885,0.8352025253995012,0.8352025253995012
9946,knn,11,distance,balanced_binary_tasks,0.9666353383458647,0.990096618357488,0.9196969696969697,0.9523577784360839,0.9919391190819761,0.9919391190819761
9957,knn,11,distance,balanced_binary_tasks,0.8415633423180594,0.7566331234975675,0.8138888888888888,0.7764839872501896,0.9022020441026652,0.9022020441026652
9976,knn,11,distance,balanced_binary_tasks,0.5646153846153845,0.5534828136248343,0.6715384615384616,0.6062263778959368,0.5970857988165681,0.5970857988165681
10093,knn,11,distance,balanced_binary_tasks,0.9985401459854014,0.9967741935483871,1.0,0.9983739837398374,0.9993421052631579,0.9993421052631579
14952,knn,11,distance,balanced_binary_tasks,0.9549428456874474,0.9493360993583293,0.9712461725266603,0.9601215699177544,0.9885093085385016,0.9885093085385016
3021,knn,11,distance,disbalanced_binary_tasks,0.9607644590403212,0.8916558441558442,0.41141304347826085,0.5510090743622152,0.9243036361335127,0.9243036361335127
3902,knn,11,distance,disbalanced_binary_tasks,0.8971374586679263,0.7172619047619048,0.28627450980392155,0.401249089075176,0.8903556474673202,0.8903556474673202
3903,knn,11,distance,disbalanced_binary_tasks,0.8925036746692797,0.5088095238095238,0.10625,0.16839359695060327,0.8362837196048633,0.8362837196048633
3904,knn,11,distance,disbalanced_binary_tasks,0.7828243160211743,0.3857015997414379,0.2132024373730535,0.2726834381802557,0.6549807444618135,0.6549807444618135
3913,knn,11,distance,disbalanced_binary_tasks,0.8003991291727142,0.5144534632034632,0.4136363636363637,0.43802796790412896,0.7829833174955125,0.7829833174955125
3917,knn,11,distance,disbalanced_binary_tasks,0.833595125253893,0.44236514302690766,0.1930871212121212,0.26135617149323787,0.6932036928192222,0.6932036928192222
3918,knn,11,distance,disbalanced_binary_tasks,0.9296887796887796,0.5541666666666666,0.19464285714285712,0.27583333333333326,0.7373392990504641,0.7373392990504641
7592,knn,11,distance,disbalanced_binary_tasks,0.8362679549373511,0.8756269374298092,0.9147087636744529,0.8947333950365218,0.8796063770310452,0.8796063770310452
9952,knn,11,distance,disbalanced_binary_tasks,0.9006301773122475,0.8562338541395883,0.7956770957726296,0.8244505210759797,0.9522255185900841,0.9522255185900841
9971,knn,11,distance,disbalanced_binary_tasks,0.6620981881940385,0.3710943223443224,0.26544117647058824,0.3026927713992931,0.6625798490127758,0.6625798490127758
9977,knn,11,distance,disbalanced_binary_tasks,0.931145750567292,0.9529711824149727,0.9513437543391998,0.9518293225256296,0.9727398293966866,0.9727398293966866
9978,knn,11,distance,disbalanced_binary_tasks,0.9344869440727024,0.5402380952380953,0.1,0.1635336209235792,0.8064836298443427,0.8064836298443427
10101,knn,11,distance,disbalanced_binary_tasks,0.693981981981982,0.23278838120943385,0.23888888888888885,0.2006557762581859,0.514083820662768,0.514083820662768
6,knn,11,distance,multiclass_tasks,0.94795,,,,,0.9984248422586888
11,knn,11,distance,multiclass_tasks,0.8176139272913467,,,,,0.8585648517230133
12,knn,11,distance,multiclass_tasks,0.9675,,,,,0.9966833333333334
14,knn,11,distance,multiclass_tasks,0.805,,,,,0.9720972222222221
16,knn,11,distance,multiclass_tasks,0.951,,,,,0.9955708333333332
18,knn,11,distance,multiclass_tasks,0.692,,,,,0.90465
22,knn,11,distance,multiclass_tasks,0.788,,,,,0.9604416666666667
23,knn,11,distance,multiclass_tasks,0.4847122632836919,,,,,0.6374710127689573
28,knn,11,distance,multiclass_tasks,0.9697508896797153,,,,,0.9978868237757978
32,knn,11,distance,multiclass_tasks,0.9903566051782613,,,,,0.9990655925145289
45,knn,11,distance,multiclass_tasks,0.8109717868338558,,,,,0.9357954857911878
53,knn,11,distance,multiclass_tasks,0.7116106442577033,,,,,0.9118912515861519
2074,knn,11,distance,multiclass_tasks,0.9038880248833593,,,,,0.986377219960979
2079,knn,11,distance,multiclass_tasks,0.4029433543132173,,,,,0.7380748723000196
3022,knn,11,distance,multiclass_tasks,0.6272727272727272,,,,,0.919949494949495
3481,knn,11,distance,multiclass_tasks,0.9194557453671702,,,,,0.9949671633501316
3549,knn,11,distance,multiclass_tasks,0.994075630252101,,,,,0.9999849759615385
3560,knn,11,distance,multiclass_tasks,0.20849683544303796,,,,,0.5183057478219961
3573,knn,11,distance,multiclass_tasks,0.9419285714285716,,,,,0.9936896874709609
9960,knn,11,distance,multiclass_tasks,0.7698289478105992,,,,,0.9215811731791577
9964,knn,11,distance,multiclass_tasks,0.909618710691824,,,,,0.9926267657116099
9981,knn,11,distance,multiclass_tasks,0.8722222222222221,,,,,0.9825858410493827
9985,knn,11,distance,multiclass_tasks,0.5493817057646845,,,,,0.7797059344567108
3,knn,13,uniform,balanced_binary_tasks,0.7772315830721003,0.7923131307875676,0.7630116959064327,0.7638671977729108,0.8764968528942341,0.8764968528942341
15,knn,13,uniform,balanced_binary_tasks,0.9657142857142859,0.9572404045230133,0.9460000000000001,0.9502182861189732,0.9897208937198068,0.9897208937198068
29,knn,13,uniform,balanced_binary_tasks,0.8376811594202899,0.8396747268973183,0.8724696356275304,0.8471126035910757,0.8983942071887743,0.8983942071887743
31,knn,13,uniform,balanced_binary_tasks,0.744,0.658562271062271,0.31,0.42003319341034207,0.7572380952380952,0.7572380952380952
37,knn,13,uniform,balanced_binary_tasks,0.7473684210526316,0.6822693213705127,0.5182336182336181,0.5846138935680766,0.8031025641025641,0.8031025641025641
43,knn,13,uniform,balanced_binary_tasks,0.8930684711873997,0.8929669794888995,0.8295914030720661,0.8593741807052417,0.9497823786951546,0.9497823786951546
49,knn,13,uniform,balanced_binary_tasks,0.6660307017543861,0.6902132492725154,0.8838197644649257,0.7735289278044292,0.6380800299917946,0.6380800299917946
219,knn,13,uniform,balanced_binary_tasks,0.7210188399109166,0.7692178580648461,0.7786766868812376,0.7587247881075251,0.7915998275541907,0.7915998275541907
9910,knn,13,uniform,balanced_binary_tasks,0.7472737588652483,0.7533630147858383,0.7939679320003863,0.7728267468673131,0.8179331578073155,0.8179331578073155
9946,knn,13,uniform,balanced_binary_tasks,0.9666353383458647,0.990096618357488,0.9196969696969697,0.9523577784360839,0.9914177489177488,0.9914177489177488
9957,knn,13,uniform,balanced_binary_tasks,0.8396945193171609,0.7544074566445648,0.8196825396825396,0.7773263017235283,0.8969459643760886,0.8969459643760886
9976,knn,13,uniform,balanced_binary_tasks,0.573076923076923,0.5612703688822915,0.676923076923077,0.613089691481975,0.6007218934911244,0.6007218934911244
10093,knn,13,uniform,balanced_binary_tasks,0.9985401459854014,0.9967741935483871,1.0,0.9983739837398374,0.9993421052631579,0.9993421052631579
14952,knn,13,uniform,balanced_binary_tasks,0.9248272278726486,0.923643726907698,0.9433177594762959,0.9332937260001606,0.9781636185306375,0.9781636185306375
3021,knn,13,uniform,disbalanced_binary_tasks,0.9573168849030917,0.8880952380952382,0.3509057971014492,0.492524158116483,0.923925948942653,0.923925948942653
3902,knn,13,uniform,disbalanced_binary_tasks,0.8943882853094001,0.7477777777777778,0.22418300653594767,0.33249994771733904,0.8670675040849674,0.8670675040849674
3903,knn,13,uniform,disbalanced_binary_tasks,0.8918626490282542,0.325,0.03125,0.055751633986928104,0.8163692059270515,0.8163692059270515
3904,knn,13,uniform,disbalanced_binary_tasks,0.7932989655917464,0.4145161252846653,0.1827939517039043,0.250894070500378,0.6564286764053756,0.6564286764053756
3913,knn,13,uniform,disbalanced_binary_tasks,0.8273584905660378,0.5726190476190476,0.4127272727272727,0.46218647642123206,0.8149078766761695,0.8149078766761695
3917,knn,13,uniform,disbalanced_binary_tasks,0.84118032046942,0.4806184166710482,0.17471590909090912,0.24771110703995075,0.717637951093066,0.717637951093066
3918,knn,13,uniform,disbalanced_binary_tasks,0.9278705978705979,0.275,0.05178571428571428,0.08333333333333333,0.7734530033073722,0.7734530033073722
7592,knn,13,uniform,disbalanced_binary_tasks,0.840240041847002,0.8760557452642337,0.9201993851476356,0.8975758354464614,0.8844688561794477,0.8844688561794477
9952,knn,13,uniform,disbalanced_binary_tasks,0.8645443965222153,0.7897277041719438,0.7345235251970385,0.7607892645429157,0.9317541955494096,0.9317541955494096
9971,knn,13,uniform,disbalanced_binary_tasks,0.6603740502630041,0.33872835497835496,0.22279411764705884,0.25637920845548884,0.6676112975678076,0.6676112975678076
9977,knn,13,uniform,disbalanced_binary_tasks,0.9277798487703943,0.9495825888778905,0.9502065170535297,0.9495466021853508,0.9724084732471464,0.9724084732471464
9978,knn,13,uniform,disbalanced_binary_tasks,0.9364663409168715,0.41666666666666663,0.075,0.12192951183663259,0.8165370816047938,0.8165370816047938
10101,knn,13,uniform,disbalanced_binary_tasks,0.7220540540540541,0.3669467787114846,0.2444444444444444,0.2199180720783483,0.6496588693957116,0.6496588693957116
6,knn,13,uniform,multiclass_tasks,0.9385,,,,,0.9984328155401668
11,knn,13,uniform,multiclass_tasks,0.8383512544802867,,,,,0.8904381285594587
12,knn,13,uniform,multiclass_tasks,0.9635,,,,,0.9972847222222223
14,knn,13,uniform,multiclass_tasks,0.8039999999999999,,,,,0.9717930555555556
16,knn,13,uniform,multiclass_tasks,0.944,,,,,0.9958041666666666
18,knn,13,uniform,multiclass_tasks,0.7220000000000001,,,,,0.9551875000000001
22,knn,13,uniform,multiclass_tasks,0.807,,,,,0.9767930555555555
23,knn,13,uniform,multiclass_tasks,0.5112244897959184,,,,,0.6787067353824942
28,knn,13,uniform,multiclass_tasks,0.9672597864768685,,,,,0.9980503162355611
32,knn,13,uniform,multiclass_tasks,0.9882642071304492,,,,,0.9990993802570177
45,knn,13,uniform,multiclass_tasks,0.8050156739811912,,,,,0.9358444774177208
53,knn,13,uniform,multiclass_tasks,0.7104761904761905,,,,,0.9091212869775198
2074,knn,13,uniform,multiclass_tasks,0.9009331259720061,,,,,0.9862305168690364
2079,knn,13,uniform,multiclass_tasks,0.43128470936690116,,,,,0.7397602143870781
3022,knn,13,uniform,multiclass_tasks,0.5767676767676768,,,,,0.9154994388327722
3481,knn,13,uniform,multiclass_tasks,0.9112455152891611,,,,,0.9952448566769643
3549,knn,13,uniform,multiclass_tasks,0.9917086834733894,,,,,0.999969626951712
3560,knn,13,uniform,multiclass_tasks,0.20985759493670883,,,,,0.556343518392818
3573,knn,13,uniform,multiclass_tasks,0.9392000000000001,,,,,0.9939621784161355
9960,knn,13,uniform,multiclass_tasks,0.758095238095238,,,,,0.9180755960538971
9964,knn,13,uniform,multiclass_tasks,0.898938679245283,,,,,0.9928341280156063
9981,knn,13,uniform,multiclass_tasks,0.850925925925926,,,,,0.9799672067901234
9985,knn,13,uniform,multiclass_tasks,0.5005062417765797,,,,,0.7585691447732421
3,knn,13,distance,balanced_binary_tasks,0.7806778996865205,0.7960775924534087,0.7656389748882009,0.7674851404852195,0.8844467712839208,0.8844467712839208
15,knn,13,distance,balanced_binary_tasks,0.9657142857142859,0.9572404045230133,0.9460000000000001,0.9502182861189732,0.9903549516908212,0.9903549516908212
29,knn,13,distance,balanced_binary_tasks,0.8376811594202899,0.8448474818469098,0.8619433198380566,0.8440897336253395,0.8995390564915183,0.8995390564915183
31,knn,13,distance,balanced_binary_tasks,0.746,0.6694443056943057,0.31,0.42168823802402927,0.7694047619047619,0.7694047619047619
37,knn,13,distance,balanced_binary_tasks,0.753879015721121,0.6900484201190891,0.5445868945868946,0.6055951542644158,0.8077777777777777,0.8077777777777777
43,knn,13,distance,balanced_binary_tasks,0.9080670564934452,0.9011127227512589,0.8626737902980997,0.8808489202794959,0.957093309999504,0.957093309999504
49,knn,13,distance,balanced_binary_tasks,0.6764692982456141,0.6980579385551462,0.885458269329237,0.7788366485382858,0.6695157502557881,0.6695157502557881
219,knn,13,distance,balanced_binary_tasks,0.7182603202455653,0.7674137084379067,0.7748800715864084,0.7558670804372967,0.7896478774950115,0.7896478774950115
9910,knn,13,distance,balanced_binary_tasks,0.756604255319149,0.7608474965076123,0.8042861972375157,0.7816190613780527,0.8346913484954847,0.8346913484954847
9946,knn,13,distance,balanced_binary_tasks,0.9666353383458647,0.990096618357488,0.9196969696969697,0.9523577784360839,0.9914148285576857,0.9914148285576857
9957,knn,13,distance,balanced_binary_tasks,0.8491554357592095,0.762960356500104,0.8336507936507938,0.789588136600922,0.9025662279404514,0.9025662279404514
9976,knn,13,distance,balanced_binary_tasks,0.573076923076923,0.5612703688822915,0.676923076923077,0.613089691481975,0.601905325443787,0.601905325443787
10093,knn,13,distance,balanced_binary_tasks,0.9985401459854014,0.9967741935483871,1.0,0.9983739837398374,0.9993421052631579,0.9993421052631579
14952,knn,13,distance,balanced_binary_tasks,0.9556671548853233,0.9488778332451453,0.9731955442931055,0.9608306302269268,0.9886848777859075,0.9886848777859075
3021,knn,13,distance,disbalanced_binary_tasks,0.9581133425961011,0.8753224553224552,0.372463768115942,0.5114141833827966,0.9275480093366223,0.9275480093366223
3902,knn,13,distance,disbalanced_binary_tasks,0.8943882853094001,0.7382539682539683,0.2352941176470588,0.34345758428367124,0.8881076388888888,0.8881076388888888
3903,knn,13,distance,disbalanced_binary_tasks,0.8931487832761718,0.4583333333333333,0.08125,0.13251430715827,0.8365700987841945,0.8365700987841945
3904,knn,13,distance,disbalanced_binary_tasks,0.7869578978285529,0.39644873542718856,0.2022658542089822,0.2654628791100504,0.6608967802343585,0.6608967802343585
3913,knn,13,distance,disbalanced_binary_tasks,0.8081277213352684,0.5344246031746032,0.4227272727272727,0.4499221806894441,0.7893258367648611,0.7893258367648611
3917,knn,13,distance,disbalanced_binary_tasks,0.8317016474836381,0.4256581795397585,0.1778409090909091,0.24325983549941368,0.7149816850437398,0.7149816850437398
3918,knn,13,distance,disbalanced_binary_tasks,0.9287878787878789,0.4458333333333333,0.16785714285714284,0.2373484848484848,0.7513029446281875,0.7513029446281875
7592,knn,13,distance,disbalanced_binary_tasks,0.8376398148404289,0.8756850520717746,0.9167274323539255,0.8957283877797396,0.8828113121960038,0.8828113121960038
9952,knn,13,distance,disbalanced_binary_tasks,0.8989635106455808,0.8534740178753631,0.7925045776610143,0.8212888408819914,0.9524963632941146,0.9524963632941146
9971,knn,13,distance,disbalanced_binary_tasks,0.6604032729398014,0.3686507038712921,0.24742647058823533,0.2864916038484254,0.6681850789096127,0.6681850789096127
9977,knn,13,distance,disbalanced_binary_tasks,0.9306524249723994,0.9522906038321549,0.9513436389020542,0.9515026078890539,0.9738994111534784,0.9738994111534784
9978,knn,13,distance,disbalanced_binary_tasks,0.9364663409168715,0.41666666666666663,0.075,0.12192951183663259,0.8183012445484523,0.8183012445484523
10101,knn,13,distance,disbalanced_binary_tasks,0.697981981981982,0.2514855546827267,0.2444444444444444,0.2053711541946836,0.5383356266483201,0.5383356266483201
6,knn,13,distance,multiclass_tasks,0.9461999999999999,,,,,0.9986337846234596
11,knn,13,distance,multiclass_tasks,0.8256272401433691,,,,,0.8739627215897634
12,knn,13,distance,multiclass_tasks,0.9655000000000001,,,,,0.9973736111111112
14,knn,13,distance,multiclass_tasks,0.8085000000000001,,,,,0.9729972222222223
16,knn,13,distance,multiclass_tasks,0.9489999999999998,,,,,0.995998611111111
18,knn,13,distance,multiclass_tasks,0.694,,,,,0.9057291666666666
22,knn,13,distance,multiclass_tasks,0.7855000000000001,,,,,0.9595694444444444
23,knn,13,distance,multiclass_tasks,0.48673009744438306,,,,,0.6408818691834102
28,knn,13,distance,multiclass_tasks,0.968505338078292,,,,,0.9981181738579977
32,knn,13,distance,multiclass_tasks,0.989628670692365,,,,,0.9991119783179568
45,knn,13,distance,multiclass_tasks,0.8156739811912226,,,,,0.9407822999213643
53,knn,13,distance,multiclass_tasks,0.7081372549019608,,,,,0.9125748067402404
2074,knn,13,distance,multiclass_tasks,0.90248833592535,,,,,0.9868827999226312
2079,knn,13,distance,multiclass_tasks,0.41778970751573496,,,,,0.7454898903529198
3022,knn,13,distance,multiclass_tasks,0.6444444444444445,,,,,0.9271548821548821
3481,knn,13,distance,multiclass_tasks,0.9175315164082816,,,,,0.9955212471998227
3549,knn,13,distance,multiclass_tasks,0.9917086834733894,,,,,0.9999849759615385
3560,knn,13,distance,multiclass_tasks,0.1984651898734177,,,,,0.5151125618594814
3573,knn,13,distance,multiclass_tasks,0.9408,,,,,0.9941145636144105
9960,knn,13,distance,multiclass_tasks,0.7722125886346071,,,,,0.9232628860711607
9964,knn,13,distance,multiclass_tasks,0.9052279874213836,,,,,0.9935255448749143
9981,knn,13,distance,multiclass_tasks,0.8685185185185185,,,,,0.9831356095679011
9985,knn,13,distance,multiclass_tasks,0.5500353005359263,,,,,0.7809633394019583
3,knn,15,uniform,balanced_binary_tasks,0.7791036442006269,0.796392224000717,0.7662710698314413,0.7668107917565906,0.8804285711591227,0.8804285711591227
15,knn,15,uniform,balanced_binary_tasks,0.9657142857142859,0.9572404045230133,0.9460000000000001,0.9502182861189732,0.9909890096618357,0.9909890096618357
29,knn,15,uniform,balanced_binary_tasks,0.8391304347826087,0.8383662879416811,0.8776653171390013,0.8507785765188277,0.8998463279787557,0.8998463279787557
31,knn,15,uniform,balanced_binary_tasks,0.7450000000000001,0.6574586198115611,0.31999999999999995,0.4282783089120943,0.754952380952381,0.754952380952381
37,knn,15,uniform,balanced_binary_tasks,0.746120984278879,0.6765323565323565,0.5223646723646723,0.5840974829648171,0.8056353276353276,0.8056353276353276
43,knn,15,uniform,balanced_binary_tasks,0.8954588324059228,0.8991878848328373,0.8290510594377999,0.8618942227075379,0.9509658632736665,0.9509658632736665
49,knn,15,uniform,balanced_binary_tasks,0.664046052631579,0.6864775064369791,0.8934459805427547,0.7751391605710312,0.5979205171804792,0.5979205171804792
219,knn,15,uniform,balanced_binary_tasks,0.7234465503212838,0.7704308616732999,0.7834706170974324,0.7616568777395043,0.795455198525762,0.795455198525762
9910,knn,15,uniform,balanced_binary_tasks,0.7419439716312057,0.7468147849999334,0.7929947841205448,0.768936244899977,0.8146615453513153,0.8146615453513153
9946,knn,15,uniform,balanced_binary_tasks,0.9613408521303256,0.990096618357488,0.9054112554112554,0.9447968028263277,0.9914728921871777,0.9914728921871777
9957,knn,15,uniform,balanced_binary_tasks,0.8416082659478887,0.756430824077883,0.8253174603174603,0.7802601100070093,0.8990866114561766,0.8990866114561766
9976,knn,15,uniform,balanced_binary_tasks,0.5726923076923076,0.5601185617301148,0.6823076923076924,0.6147031258649714,0.6013402366863906,0.6013402366863906
10093,knn,15,uniform,balanced_binary_tasks,0.9992700729927007,0.9983870967741936,1.0,0.9991869918699188,0.9993205349439173,0.9993205349439173
14952,knn,15,uniform,balanced_binary_tasks,0.9210271411388314,0.9196020118684031,0.9407177172421075,0.9299725706662929,0.9772643190116496,0.9772643190116496
3021,knn,15,uniform,disbalanced_binary_tasks,0.9557274781412712,0.902948717948718,0.3163043478260869,0.4558837166623596,0.9292264332741722,0.9292264332741722
3902,knn,15,uniform,disbalanced_binary_tasks,0.893013698630137,0.7411904761904762,0.20718954248366012,0.31078901774553946,0.8667573018790848,0.8667573018790848
3903,knn,15,uniform,disbalanced_binary_tasks,0.8918708149599869,0.19166666666666665,0.025,0.04281733746130031,0.8111284194528876,0.8111284194528876
3904,knn,15,uniform,disbalanced_binary_tasks,0.7937583556149733,0.4124336149666532,0.17140600315955765,0.23901707102904335,0.6612262440916783,0.6612262440916783
3913,knn,15,uniform,disbalanced_binary_tasks,0.8234760522496373,0.5852564102564102,0.38363636363636366,0.4395858572261856,0.8133964206525182,0.8133964206525182
3917,knn,15,uniform,disbalanced_binary_tasks,0.8383344617467842,0.4497688637471919,0.159375,0.22754711712158518,0.7266594884568489,0.7266594884568489
3918,knn,15,uniform,disbalanced_binary_tasks,0.926969696969697,0.275,0.05178571428571428,0.08333333333333333,0.7842553077989971,0.7842553077989971
7592,knn,15,uniform,disbalanced_binary_tasks,0.8406494710025928,0.8759834198816963,0.9209259656325923,0.897884775738292,0.8861222875028176,0.8861222875028176
9952,knn,15,uniform,disbalanced_binary_tasks,0.8613996713904293,0.7871956939399681,0.7244765544144574,0.7538729928035333,0.9298890877688445,0.9298890877688445
9971,knn,15,uniform,disbalanced_binary_tasks,0.6808883693746346,0.3881655844155844,0.24742647058823528,0.29191314062281803,0.6856877049600328,0.6856877049600328
9977,knn,15,uniform,disbalanced_binary_tasks,0.926154927758558,0.9481789452939342,0.9493128686361564,0.9484274707107687,0.9726968423388321,0.9726968423388321
9978,knn,15,uniform,disbalanced_binary_tasks,0.9376505555382654,0.6375,0.09375,0.1528619007411577,0.8352429262844379,0.8352429262844379
10101,knn,15,uniform,disbalanced_binary_tasks,0.746054054054054,0.36714285714285716,0.26666666666666666,0.24310207336523124,0.663888888888889,0.663888888888889
6,knn,15,uniform,multiclass_tasks,0.9355,,,,,0.9985200852284292
11,knn,15,uniform,multiclass_tasks,0.8464413722478238,,,,,0.8888545559839732
12,knn,15,uniform,multiclass_tasks,0.9604999999999999,,,,,0.9976694444444444
14,knn,15,uniform,multiclass_tasks,0.8015000000000001,,,,,0.9716263888888887
16,knn,15,uniform,multiclass_tasks,0.9409999999999998,,,,,0.9959097222222223
18,knn,15,uniform,multiclass_tasks,0.7215,,,,,0.955786111111111
22,knn,15,uniform,multiclass_tasks,0.805,,,,,0.9772124999999999
23,knn,15,uniform,multiclass_tasks,0.5214285714285714,,,,,0.6848476434592354
28,knn,15,uniform,multiclass_tasks,0.9672597864768683,,,,,0.9980791567537173
32,knn,15,uniform,multiclass_tasks,0.988082388948631,,,,,0.9991948663437802
45,knn,15,uniform,multiclass_tasks,0.8128526645768025,,,,,0.9398879855278833
53,knn,15,uniform,multiclass_tasks,0.6963165266106442,,,,,0.9083785151928815
2074,knn,15,uniform,multiclass_tasks,0.8989113530326595,,,,,0.986709350526025
2079,knn,15,uniform,multiclass_tasks,0.4271936319881525,,,,,0.7441414635924278
3022,knn,15,uniform,multiclass_tasks,0.5696969696969697,,,,,0.9209371492704825
3481,knn,15,uniform,multiclass_tasks,0.9134259899279156,,,,,0.9956835776201454
3549,knn,15,uniform,multiclass_tasks,0.9928991596638657,,,,,0.9999386039606944
3560,knn,15,uniform,multiclass_tasks,0.20731012658227846,,,,,0.5446939413708852
3573,knn,15,uniform,multiclass_tasks,0.9385,,,,,0.9942794837705502
9960,knn,15,uniform,multiclass_tasks,0.7551678596632725,,,,,0.9190205249083976
9964,knn,15,uniform,multiclass_tasks,0.8983058176100629,,,,,0.993119310539948
9981,knn,15,uniform,multiclass_tasks,0.8398148148148147,,,,,0.980642361111111
9985,knn,15,uniform,multiclass_tasks,0.5029582918819464,,,,,0.7594155019794167
3,knn,15,distance,balanced_binary_tasks,0.783176920062696,0.8011083398338886,0.7689026487788098,0.7708598038121968,0.8869657763501184,0.8869657763501184
15,knn,15,distance,balanced_binary_tasks,0.9657142857142859,0.9572404045230133,0.9460000000000001,0.9502182861189732,0.9913513285024154,0.9913513285024154
29,knn,15,distance,balanced_binary_tasks,0.8362318840579711,0.8401963058511315,0.8672064777327936,0.8456771333665071,0.9011254770507742,0.9011254770507742
31,knn,15,distance,balanced_binary_tasks,0.75,0.6753422068127952,0.3233333333333333,0.43549867993780084,0.7665952380952381,0.7665952380952381
37,knn,15,distance,balanced_binary_tasks,0.7499829118250171,0.6877057935184869,0.5296296296296296,0.5938295124857572,0.809079772079772,0.809079772079772
43,knn,15,distance,balanced_binary_tasks,0.9102400264076206,0.9055676828214644,0.863226276485945,0.8833198286145093,0.9587268537425538,0.9587268537425538
49,knn,15,distance,balanced_binary_tasks,0.6807017543859649,0.6976150189729182,0.9014080901177675,0.785300315285365,0.6328181060628879,0.6328181060628879
219,knn,15,distance,balanced_binary_tasks,0.7210189032190326,0.7694642853085834,0.7793669885937107,0.7588831499254756,0.7935339112050253,0.7935339112050253
9910,knn,15,distance,balanced_binary_tasks,0.7539397163120568,0.7560313568054828,0.8067540809427219,0.780327293685308,0.8322033507475781,0.8322033507475781
9946,knn,15,distance,balanced_binary_tasks,0.963095238095238,0.990096618357488,0.9101731601731602,0.9473577784360838,0.9914038342609771,0.9914038342609771
9957,knn,15,distance,balanced_binary_tasks,0.8482210242587602,0.7642776096915022,0.8337301587301587,0.7886335006710972,0.9037644188110026,0.9037644188110026
9976,knn,15,distance,balanced_binary_tasks,0.5726923076923076,0.5601185617301148,0.6823076923076924,0.6147031258649714,0.604473372781065,0.604473372781065
10093,knn,15,distance,balanced_binary_tasks,0.9985401459854014,0.9967741935483871,1.0,0.9983739837398374,0.9993205349439173,0.9993205349439173
14952,knn,15,distance,balanced_binary_tasks,0.955214338900117,0.948824030324763,0.9723825361630241,0.9604084962818625,0.9888082794291542,0.9888082794291542
3021,knn,15,distance,disbalanced_binary_tasks,0.9567884860988309,0.8946478521478521,0.3378623188405797,0.47914539556551927,0.9334140117664969,0.9334140117664969
3902,knn,15,distance,disbalanced_binary_tasks,0.8936986301369864,0.7511904761904762,0.21274509803921568,0.3186941560854605,0.888070618872549,0.888070618872549
3903,knn,15,distance,disbalanced_binary_tasks,0.8918748979258533,0.3580952380952381,0.075,0.11849914641676654,0.834624176798379,0.834624176798379
3904,knn,15,distance,disbalanced_binary_tasks,0.7872339707232755,0.3920508889865761,0.19087564883773414,0.25354849550022845,0.6656766673203032,0.6656766673203032
3913,knn,15,distance,disbalanced_binary_tasks,0.8080914368650218,0.5519826007326007,0.4127272727272727,0.4483815644429455,0.7883845422869814,0.7883845422869814
3917,knn,15,distance,disbalanced_binary_tasks,0.8316993906567367,0.41481909430438846,0.17481060606060606,0.23868204409906862,0.7223355532523781,0.7223355532523781
3918,knn,15,distance,disbalanced_binary_tasks,0.9278869778869779,0.4458333333333333,0.15535714285714283,0.22401515151515153,0.7604342259682066,0.7604342259682066
7592,knn,15,distance,disbalanced_binary_tasks,0.8384997237863153,0.8757990521754724,0.9178845616134513,0.8963419231675507,0.8846192036660382,0.8846192036660382
9952,knn,15,distance,disbalanced_binary_tasks,0.896558499349627,0.8514052931742503,0.7855942998168937,0.816670305694173,0.9523498804144443,0.9523498804144443
9971,knn,15,distance,disbalanced_binary_tasks,0.6724137931034483,0.37874703727644904,0.2536764705882353,0.2954977348155759,0.6806940459110473,0.6806940459110473
9977,knn,15,distance,disbalanced_binary_tasks,0.930217171357465,0.9513548218244713,0.9517091623781766,0.9512358801618117,0.9743676500379843,0.9743676500379843
9978,knn,15,distance,disbalanced_binary_tasks,0.9372552986212692,0.5875,0.09375,0.15220830596991589,0.8366033755274263,0.8366033755274263
10101,knn,15,distance,disbalanced_binary_tasks,0.701981981981982,0.27051834130781505,0.25555555555555554,0.2178676112886639,0.5476608187134503,0.5476608187134503
6,knn,15,distance,multiclass_tasks,0.94465,,,,,0.998741611541061
11,knn,15,distance,multiclass_tasks,0.8400665642601126,,,,,0.8746550676586974
12,knn,15,distance,multiclass_tasks,0.9635,,,,,0.9977444444444444
14,knn,15,distance,multiclass_tasks,0.8105,,,,,0.9729083333333335
16,knn,15,distance,multiclass_tasks,0.9465,,,,,0.9961291666666667
18,knn,15,distance,multiclass_tasks,0.6910000000000001,,,,,0.9062652777777778
22,knn,15,distance,multiclass_tasks,0.7815,,,,,0.9582611111111113
23,knn,15,distance,multiclass_tasks,0.49151038793895935,,,,,0.6446523509835264
28,knn,15,distance,multiclass_tasks,0.9683274021352313,,,,,0.9981588038917648
32,knn,15,distance,multiclass_tasks,0.9890828852675986,,,,,0.9992075088320405
45,knn,15,distance,multiclass_tasks,0.8225705329153603,,,,,0.9444207369436892
53,knn,15,distance,multiclass_tasks,0.6950980392156862,,,,,0.9124483873598471
2074,knn,15,distance,multiclass_tasks,0.9012441679626748,,,,,0.9873969737098983
2079,knn,15,distance,multiclass_tasks,0.42730470196223624,,,,,0.7492642771837957
3022,knn,15,distance,multiclass_tasks,0.6434343434343435,,,,,0.9349943883277219
3481,knn,15,distance,multiclass_tasks,0.9181717191665845,,,,,0.9959495939570868
3549,knn,15,distance,multiclass_tasks,0.9928991596638657,,,,,0.9999542779418856
3560,knn,15,distance,multiclass_tasks,0.19718354430379748,,,,,0.5135571239678666
3573,knn,15,distance,multiclass_tasks,0.9401142857142857,,,,,0.9944321632648612
9960,knn,15,distance,multiclass_tasks,0.7714799879020062,,,,,0.9246290322086903
9964,knn,15,distance,multiclass_tasks,0.9039465408805032,,,,,0.9938320070803638
9981,knn,15,distance,multiclass_tasks,0.8592592592592592,,,,,0.983641975308642
9985,knn,15,distance,multiclass_tasks,0.547420386594354,,,,,0.7829172889840651
